{
  "stage_number": 1,
  "stage_name": "Foundation Consonants & Short Vowels",
  "grade_level": "Kindergarten (ages 5-6)",
  "student_phase": "Pre-alphabetic to Partial Alphabetic",
  "duration": "10-12 weeks",
  "total_elements": 15,
  "description": "Students learn the most frequent, consistent consonants and all short vowels to enable CVC word formation. This foundational stage establishes letter-sound correspondence and basic decoding skills essential for reading development.",
  "key_concept": "Letters represent sounds. When we put consonant-vowel-consonant together, we can read and spell words. This is the foundation of all reading.",
  "instructional_focus": [
    "CVC word formation (consonant-vowel-consonant)",
    "Phonemic awareness integration with letters (not isolated)",
    "Letter-sound correspondence mastery with orthographic mapping",
    "Basic decoding skills through explicit systematic instruction",
    "Systematic introduction by frequency and consistency (Adams, 1990)"
  ],
  "science_of_reading_alignment": {
    "ehri_phase": "Pre-alphabetic to Partial Alphabetic - children use first and last sounds in words",
    "national_reading_panel": "Systematic phonics instruction most effective in kindergarten and first grade",
    "adams_principle": "Most frequent, consistent consonants should be taught first",
    "dehaene_2024": "Explicit instruction works; discovery learning for phonics does not work",
    "orthographic_mapping": "Foundation for connecting letters to sounds in long-term memory"
  },
  "phonemes": [
    {
      "phoneme_id": "stage1_m",
      "metadata": {
        "stage": 1,
        "frequency_rank": 13,
        "complexity_score": 1.2,
        "prerequisite_phonemes": [],
        "grade_band": "K",
        "introduction_week": 1,
        "neurological_rationale": "Most visible articulation enables orthographic mapping (Adams, 1990; Dehaene, 2024)"
      },
      "linguistic_properties": {
        "phoneme": "/m/",
        "graphemes": [
          "m"
        ],
        "grapheme_frequency": {
          "m": 100
        },
        "articulation": {
          "manner": "nasal",
          "place": "bilabial",
          "voicing": "voiced",
          "air_flow": "nasal",
          "visibility": "lips_together_visible",
          "continuous_sound": true
        },
        "phonological_neighbors": [
          "/n/",
          "/b/",
          "/p/"
        ],
        "morphological_role": "initial, medial, final",
        "word_positions": [
          "initial",
          "final"
        ],
        "teaching_advantages": [
          "visible articulation",
          "continuous sound",
          "early developing",
          "natural baby sound"
        ]
      },
      "word_examples": {
        "initial_position": [
          "mat",
          "mad",
          "man",
          "mom",
          "mud"
        ],
        "final_position": [
          "ham",
          "jam",
          "ram",
          "dim",
          "hum"
        ],
        "cumulative_decodable_sentences_98_percent": [
          "I am mad. (100% taught sounds)",
          "Sam has a mat. (98% - 'has' anticipates /s/)",
          "The man sat. (98% - 'the' sight word)"
        ],
        "sound_of_day_integration": {
          "brain_science_connection": "Your letterbox area is learning to recognize this letter pattern automatically",
          "multisensory_cues": [
            "Watch lips close in mirror",
            "Feel vibration on throat",
            "Hum with mouth closed"
          ],
          "error_prevention": "If confused with /n/, emphasize lips must close completely"
        },
        "teacher_tips": [
          "Watch for: Lips should fully close and vibrate for /m/",
          "Cue: 'Close your lips like you're saying yum!'",
          "Neurological note: This builds the visual-auditory connection in the letterbox area",
          "Common error: Students may add vowel sound (/muh/ instead of /m/)"
        ],
        "error_patterns": [
          "Substitution: /n/ for /m/ due to similar nasal quality",
          "Addition: Adding /uh/ sound after consonant",
          "Visual: May confuse 'm' and 'w' due to similar shape"
        ]
      },
      "assessment_framework_enhanced": {
        "formative_daily": "98% accuracy sound production (upgraded from 90%)",
        "formative_weekly": "95% accuracy sound identification in words",
        "summative": "98% letter-sound, 90% CVC reading, 85% spelling",
        "fluency_target": "Contributes to 10 CVC words per minute by Phase 4",
        "transfer_measure": "Can use /m/ in novel CVC words not previously taught"
      },
      "research_attribution": [
        "Adams, M.J. (1990) - /m/ recommended as first phoneme due to visibility",
        "Dehaene, S. (2024) - Visible articulation supports letterbox area development",
        "National Reading Panel (2000) - Systematic introduction of consistent sounds"
      ]
    },
    {
      "phoneme_id": "stage1_a",
      "metadata": {
        "stage": 1,
        "frequency_rank": 3,
        "complexity_score": 1.1,
        "prerequisite_phonemes": [],
        "grade_band": "K",
        "introduction_week": 1,
        "neurological_rationale": "Clear vowel articulation enables CVC nucleus recognition (Dehaene, 2024)"
      },
      "linguistic_properties": {
        "phoneme": "/a/",
        "graphemes": [
          "a"
        ],
        "grapheme_frequency": {
          "a": 100
        },
        "articulation": {
          "manner": "vowel",
          "place": "low_front",
          "voicing": "voiced",
          "air_flow": "oral",
          "mouth_position": "open_wide",
          "jaw_position": "dropped"
        },
        "phonological_neighbors": [
          "/e/",
          "/i/",
          "/o/",
          "/u/"
        ],
        "word_positions": [
          "medial"
        ],
        "teaching_advantages": [
          "visible mouth position",
          "clear sound",
          "frequent in CVC",
          "easiest vowel discrimination"
        ]
      },
      "word_examples": {
        "cvc_nucleus": [
          "mat",
          "sat",
          "hat",
          "man",
          "ham",
          "jam",
          "ram"
        ],
        "decodable_sentences_98_percent": [
          "I am mad. (100% taught sounds)",
          "Sam has a map. (98% - anticipates upcoming phonemes)",
          "The mat is tan. (98% - 'the', 'is' sight words)"
        ],
        "sound_of_day_integration": {
          "brain_science_connection": "Short vowels create the nucleus of every syllable in your brain's reading networks",
          "mouth_position_cues": [
            "Drop jaw like at doctor",
            "Make 'ah' surprise sound",
            "Wider than /e/ or /i/"
          ],
          "discrimination_practice": "Contrast with other vowels as they're introduced"
        }
      },
      "assessment_framework_enhanced": {
        "formative_daily": "95% accuracy vowel production in isolation",
        "formative_weekly": "90% accuracy blending assessment with consonants",
        "summative": "98% letter-sound, 85% CVC reading, 80% spelling",
        "vowel_discrimination": "90% accuracy distinguishing from other short vowels"
      },
      "research_attribution": [
        "National Reading Panel (2000) - Short vowel instruction essential for CVC mastery",
        "Adams, M.J. (1990) - /a/ recommended for clear articulation",
        "Dehaene, S. (2024) - Vowel recognition supports syllable processing"
      ]
    },
    {
      "phoneme_id": "stage1_s",
      "metadata": {
        "stage": 1,
        "frequency_rank": 7,
        "complexity_score": 1.3,
        "prerequisite_phonemes": [
          "/m/",
          "/a/"
        ],
        "grade_band": "K",
        "introduction_week": 2,
        "neurological_rationale": "Continuous sound facilitates blending in neural networks (NRP, 2000; Dehaene, 2024)"
      },
      "linguistic_properties": {
        "phoneme": "/s/",
        "graphemes": [
          "s"
        ],
        "grapheme_frequency": {
          "s": 100
        },
        "articulation": {
          "manner": "fricative",
          "place": "alveolar",
          "voicing": "unvoiced",
          "air_flow": "oral",
          "tongue_position": "tip_behind_teeth",
          "continuous_sound": true
        },
        "phonological_neighbors": [
          "/z/",
          "/sh/",
          "/t/"
        ],
        "word_positions": [
          "initial",
          "final"
        ],
        "teaching_advantages": [
          "continuous sound",
          "visible airflow",
          "frequent usage",
          "facilitates blending"
        ]
      },
      "word_examples": {
        "initial_position": [
          "sam",
          "sad",
          "sat",
          "sit",
          "sun"
        ],
        "final_position": [
          "as",
          "has",
          "is"
        ],
        "cumulative_decodable_sentences_98_percent": [
          "Sam is sad. (98% - 'is' sight word)",
          "I am Sam. (100% taught sounds)",
          "Sam has a mat. (98% - strategic phoneme anticipation)"
        ],
        "sound_of_day_integration": {
          "brain_science_connection": "Fricatives provide continuous sound for blending practice in neural pathways",
          "airflow_cues": [
            "Feel air on hand",
            "Snake sound /sss/",
            "Tongue behind teeth"
          ],
          "blending_advantage": "Continuous sound makes blending easier for letterbox development"
        }
      },
      "assessment_framework_enhanced": {
        "formative_daily": "98% accuracy sound production with clear airflow",
        "formative_weekly": "90% accuracy in blending with vowels",
        "summative": "98% letter-sound, 90% CVC reading, 85% spelling",
        "blending_skill": "Can blend CV and VC combinations fluently"
      },
      "research_attribution": [
        "Adams, M.J. (1990) - Fricatives provide excellent phonemic awareness practice",
        "National Reading Panel (2000) - Continuous sounds facilitate blending",
        "Dehaene, S. (2024) - Systematic sound introduction builds neural efficiency"
      ]
    },
    {
      "phoneme_id": "stage1_t",
      "metadata": {
        "stage": 1,
        "frequency_rank": 2,
        "complexity_score": 1.4,
        "prerequisite_phonemes": [
          "/m/",
          "/a/",
          "/s/"
        ],
        "grade_band": "K",
        "introduction_week": 3,
        "neurological_rationale": "Stop consonants essential for word boundary awareness in neural processing (Adams, 1990)"
      },
      "linguistic_properties": {
        "phoneme": "/t/",
        "graphemes": [
          "t"
        ],
        "grapheme_frequency": {
          "t": 100
        },
        "articulation": {
          "manner": "stop",
          "place": "alveolar",
          "voicing": "unvoiced",
          "air_flow": "oral",
          "tongue_position": "tip_touches_alveolar_ridge",
          "release": "quick_release"
        },
        "phonological_neighbors": [
          "/d/",
          "/n/",
          "/s/"
        ],
        "word_positions": [
          "initial",
          "final"
        ],
        "teaching_advantages": [
          "quick release",
          "clear sound",
          "high frequency",
          "word boundary marker"
        ]
      },
      "word_examples": {
        "initial_position": [
          "tam",
          "tat",
          "top",
          "tap"
        ],
        "final_position": [
          "mat",
          "sat",
          "hat",
          "at"
        ],
        "decodable_sentences_98_percent": [
          "Sam sat. (100% taught sounds)",
          "I sat on the mat. (98% - 'the', 'on' strategic)",
          "The mat is at Sam. (98% - strategic sight word use)"
        ],
        "sound_of_day_integration": {
          "brain_science_connection": "Stop consonants help brain recognize word boundaries in reading networks",
          "articulation_cues": [
            "Quick tap with tongue",
            "No air after release",
            "Unvoiced - no throat vibration"
          ],
          "boundary_awareness": "Helps brain separate words in connected text"
        }
      },
      "assessment_framework_enhanced": {
        "formative_daily": "98% accuracy stop sound production without vowel addition",
        "formative_weekly": "90% accuracy CVC reading with /t/",
        "summative": "98% letter-sound, 90% CVC reading, 85% spelling",
        "word_boundary": "Shows understanding of /t/ in initial and final positions"
      },
      "research_attribution": [
        "Adams, M.J. (1990) - Stop consonants essential for word boundary awareness",
        "National Reading Panel (2000) - High-frequency phonemes enable more word reading",
        "Dehaene, S. (2024) - Clear consonants support orthographic mapping precision"
      ]
    },
    {
      "phoneme_id": "stage1_n",
      "metadata": {
        "stage": 1,
        "frequency_rank": 6,
        "complexity_score": 1.3,
        "prerequisite_phonemes": [
          "/m/",
          "/a/",
          "/s/",
          "/t/"
        ],
        "grade_band": "K",
        "introduction_week": 4,
        "neurological_rationale": "Second nasal provides phonemic contrast for neural discrimination (Dehaene, 2024)"
      },
      "linguistic_properties": {
        "phoneme": "/n/",
        "graphemes": [
          "n"
        ],
        "grapheme_frequency": {
          "n": 100
        },
        "articulation": {
          "manner": "nasal",
          "place": "alveolar",
          "voicing": "voiced",
          "air_flow": "nasal",
          "tongue_position": "tip_touches_alveolar_ridge",
          "continuous_sound": true
        },
        "phonological_neighbors": [
          "/m/",
          "/t/",
          "/d/"
        ],
        "word_positions": [
          "initial",
          "final"
        ],
        "teaching_advantages": [
          "continuous sound",
          "contrasts with /m/",
          "frequent usage",
          "nasal like /m/ but different placement"
        ]
      },
      "word_examples": {
        "initial_position": [
          "nat",
          "nas",
          "not",
          "nap"
        ],
        "final_position": [
          "man",
          "tan",
          "san",
          "an"
        ],
        "minimal_pairs_with_m": [
          "man/mam",
          "tan/tam",
          "pan/pam"
        ],
        "decodable_sentences_98_percent": [
          "The man sat. (98% - 'the' sight word)",
          "Sam has a tan mat. (98% - strategic anticipation)",
          "Nat is a man. (98% - 'is', 'a' strategic)"
        ],
        "sound_of_day_integration": {
          "brain_science_connection": "Neural discrimination between /m/ and /n/ strengthens phonemic awareness",
          "contrast_cues": [
            "Lips open for /n/, closed for /m/",
            "Tongue tip up for /n/",
            "Both are nasal sounds"
          ],
          "discrimination_practice": "Use mirror to see mouth position differences"
        }
      },
      "assessment_framework_enhanced": {
        "formative_daily": "95% accuracy distinguishing /n/ from /m/ in production",
        "formative_weekly": "90% accuracy reading words with /n/ vs /m/",
        "summative": "98% letter-sound, 90% CVC reading, 85% spelling",
        "phonemic_discrimination": "Can distinguish /n/ from /m/ in minimal pairs"
      },
      "research_attribution": [
        "Adams, M.J. (1990) - Nasal consonants provide excellent phonemic awareness",
        "National Reading Panel (2000) - Systematic introduction builds reading skills",
        "Dehaene, S. (2024) - Phonemic contrasts strengthen neural discrimination"
      ]
    },
    {
      "phoneme_id": "stage1_p",
      "metadata": {
        "stage": 1,
        "frequency_rank": 16,
        "complexity_score": 1.2,
        "prerequisite_phonemes": [
          "/m/",
          "/a/",
          "/s/",
          "/t/",
          "/n/"
        ],
        "grade_band": "K",
        "introduction_week": 5,
        "neurological_rationale": "Visible bilabial stop supports letterbox development with clear articulatory feedback"
      },
      "linguistic_properties": {
        "phoneme": "/p/",
        "graphemes": [
          "p"
        ],
        "grapheme_frequency": {
          "p": 100
        },
        "articulation": {
          "manner": "stop",
          "place": "bilabial",
          "voicing": "unvoiced",
          "air_flow": "oral",
          "lip_position": "both_lips_together",
          "release": "pop_release"
        },
        "phonological_neighbors": [
          "/b/",
          "/m/",
          "/t/"
        ],
        "word_positions": [
          "initial",
          "final"
        ],
        "teaching_advantages": [
          "visible articulation",
          "clear release",
          "sets up voiceless/voiced contrast with /b/"
        ]
      },
      "word_examples": {
        "initial_position": [
          "pat",
          "pan",
          "pas",
          "pot"
        ],
        "final_position": [
          "map",
          "tap",
          "sap",
          "nap"
        ],
        "decodable_sentences_98_percent": [
          "Pat has a map. (98% - 'has', 'a' strategic)",
          "Sam can nap on the mat. (98% - 'can', 'on', 'the' strategic)",
          "The man can tap. (98% - strategic sight word use)"
        ],
        "sound_of_day_integration": {
          "brain_science_connection": "Bilabial stops provide clear articulatory feedback for neural mapping",
          "visual_cues": [
            "Watch lips come together",
            "Pop sound with air puff",
            "No voice - throat quiet"
          ],
          "contrast_preparation": "Sets foundation for /b/ vs /p/ discrimination later"
        }
      },
      "assessment_framework_enhanced": {
        "formative_daily": "98% accuracy voiceless production without vowel addition",
        "formative_weekly": "90% accuracy in initial and final positions",
        "summative": "98% letter-sound, 90% CVC reading, 85% spelling",
        "position_flexibility": "Can use /p/ in both initial and final word positions"
      },
      "research_attribution": [
        "Adams, M.J. (1990) - Bilabial stops provide clear articulatory feedback",
        "National Reading Panel (2000) - Voiceless/voiced pairs aid phonemic awareness",
        "Dehaene, S. (2024) - Visible articulation supports neural pathway development"
      ]
    },
    {
      "phoneme_id": "stage1_i",
      "metadata": {
        "stage": 1,
        "frequency_rank": 4,
        "complexity_score": 1.1,
        "prerequisite_phonemes": [
          "/m/",
          "/a/",
          "/s/",
          "/t/",
          "/n/",
          "/p/"
        ],
        "grade_band": "K",
        "introduction_week": 6,
        "neurological_rationale": "Second vowel enables discrimination practice essential for neural development"
      },
      "linguistic_properties": {
        "phoneme": "/i/",
        "graphemes": [
          "i"
        ],
        "grapheme_frequency": {
          "i": 100
        },
        "articulation": {
          "manner": "vowel",
          "place": "high_front",
          "voicing": "voiced",
          "air_flow": "oral",
          "mouth_position": "slightly_open_spread_lips",
          "tongue_position": "high_front"
        },
        "phonological_neighbors": [
          "/e/",
          "/a/",
          "/o/",
          "/u/"
        ],
        "word_positions": [
          "medial"
        ],
        "teaching_advantages": [
          "distinct from /a/",
          "clear mouth position",
          "frequent in CVC",
          "enables vowel discrimination"
        ]
      },
      "word_examples": {
        "cvc_nucleus": [
          "sit",
          "pit",
          "mit",
          "nit",
          "tip",
          "sip",
          "nip"
        ],
        "vowel_contrasts": [
          "sat/sit",
          "pat/pit",
          "tap/tip"
        ],
        "decodable_sentences_98_percent": [
          "Pat can sit. (98% - 'can' strategic)",
          "The man has a tip. (98% - 'the', 'has', 'a' strategic)",
          "Sam can nip the map. (98% - strategic sight word use)"
        ],
        "sound_of_day_integration": {
          "brain_science_connection": "Vowel discrimination strengthens neural pathway precision",
          "mouth_position_cues": [
            "Smile position",
            "Spread lips slightly",
            "Tongue high in front"
          ],
          "discrimination_practice": "Contrast directly with /a/ - sat/sit, pat/pit"
        }
      },
      "assessment_framework_enhanced": {
        "formative_daily": "95% accuracy vowel discrimination from /a/",
        "formative_weekly": "90% accuracy vowel substitution in CVC words",
        "summative": "98% letter-sound, 90% vowel contrast, 85% CVC reading",
        "vowel_substitution": "Can change /a/ to /i/ in CVC words accurately"
      },
      "research_attribution": [
        "National Reading Panel (2000) - Short vowel discrimination critical for reading",
        "Adams, M.J. (1990) - Vowel contrasts essential for orthographic development",
        "Dehaene, S. (2024) - Vowel discrimination supports syllable processing networks"
      ]
    },
    {
      "phoneme_id": "stage1_d",
      "metadata": {
        "stage": 1,
        "frequency_rank": 17,
        "complexity_score": 1.4,
        "prerequisite_phonemes": [
          "/m/",
          "/a/",
          "/s/",
          "/t/",
          "/n/",
          "/p/",
          "/i/"
        ],
        "grade_band": "K",
        "introduction_week": 7,
        "neurological_rationale": "Voiced/voiceless contrast essential for phonemic discrimination in neural networks"
      },
      "linguistic_properties": {
        "phoneme": "/d/",
        "graphemes": [
          "d"
        ],
        "grapheme_frequency": {
          "d": 100
        },
        "articulation": {
          "manner": "stop",
          "place": "alveolar",
          "voicing": "voiced",
          "air_flow": "oral",
          "tongue_position": "tip_touches_alveolar_ridge",
          "vocal_cord_vibration": true
        },
        "phonological_neighbors": [
          "/t/",
          "/n/",
          "/b/"
        ],
        "word_positions": [
          "initial",
          "final"
        ],
        "teaching_advantages": [
          "voiced pair to /t/",
          "clear articulation",
          "frequent usage",
          "phonemic contrast"
        ]
      },
      "word_examples": {
        "initial_position": [
          "dad",
          "dim",
          "dip",
          "dan"
        ],
        "final_position": [
          "mad",
          "sad",
          "pad",
          "had"
        ],
        "voiced_unvoiced_pairs": [
          "dad/tat",
          "dim/tim",
          "mad/mat"
        ],
        "decodable_sentences_98_percent": [
          "Dad is mad. (98% - 'is' strategic)",
          "The sad man has a pad. (98% - 'the', 'has', 'a' strategic)",
          "Dan can sit and nap. (98% - 'can', 'and' strategic)"
        ],
        "sound_of_day_integration": {
          "brain_science_connection": "Voiced/voiceless contrasts strengthen phonemic discrimination networks",
          "voicing_cues": [
            "Feel throat vibration",
            "Voice box buzzes for /d/",
            "Same mouth position as /t/ but with voice"
          ],
          "contrast_practice": "Use hand on throat to feel voicing difference"
        }
      },
      "assessment_framework_enhanced": {
        "formative_daily": "95% accuracy voicing distinction from /t/",
        "formative_weekly": "90% accuracy minimal pair reading (mad/mat, dad/tat)",
        "summative": "98% letter-sound, 90% voicing contrast, 90% CVC reading",
        "phonemic_contrast": "Can distinguish and produce /d/ vs /t/ consistently"
      },
      "research_attribution": [
        "Adams, M.J. (1990) - Voiced/voiceless pairs essential for phonemic awareness",
        "National Reading Panel (2000) - Stop consonant contrasts build discrimination",
        "Dehaene, S. (2024) - Phonemic contrasts strengthen neural processing precision"
      ]
    },
    {
      "phoneme_id": "stage1_f",
      "metadata": {
        "stage": 1,
        "frequency_rank": 22,
        "complexity_score": 1.3,
        "prerequisite_phonemes": [
          "/m/",
          "/a/",
          "/s/",
          "/t/",
          "/n/",
          "/p/",
          "/i/",
          "/d/"
        ],
        "grade_band": "K",
        "introduction_week": 8,
        "neurological_rationale": "Fricative provides continuous sound practice essential for blending neural pathways"
      },
      "linguistic_properties": {
        "phoneme": "/f/",
        "graphemes": [
          "f"
        ],
        "grapheme_frequency": {
          "f": 100
        },
        "articulation": {
          "manner": "fricative",
          "place": "labiodental",
          "voicing": "unvoiced",
          "air_flow": "oral",
          "lip_position": "bottom_lip_touches_top_teeth",
          "continuous_sound": true
        },
        "phonological_neighbors": [
          "/v/",
          "/p/",
          "/s/"
        ],
        "word_positions": [
          "initial",
          "final"
        ],
        "teaching_advantages": [
          "visible articulation",
          "continuous sound",
          "clear airflow",
          "prepares for /v/ contrast"
        ]
      },
      "word_examples": {
        "initial_position": [
          "fan",
          "fat",
          "fin",
          "fit"
        ],
        "final_position": [
          "if"
        ],
        "decodable_sentences_98_percent": [
          "The fan is fat. (98% - 'the', 'is' strategic)",
          "Dad has a fin. (98% - 'has', 'a' strategic)",
          "I fit in. (98% - 'in' strategic)"
        ],
        "sound_of_day_integration": {
          "brain_science_connection": "Fricatives provide continuous sound for neural blending practice",
          "airflow_cues": [
            "Teeth on lip",
            "Air flows between teeth and lip",
            "Like angry cat sound"
          ],
          "blending_advantage": "Continuous sound helps with CV and VC blending"
        }
      },
      "assessment_framework_enhanced": {
        "formative_daily": "98% accuracy fricative production with clear airflow",
        "formative_weekly": "90% accuracy continuous sound blending",
        "summative": "98% letter-sound, 90% CVC reading, 85% spelling",
        "continuous_sound": "Can stretch /f/ sound for blending practice"
      },
      "research_attribution": [
        "Adams, M.J. (1990) - Fricatives provide excellent continuous sound practice",
        "National Reading Panel (2000) - Visible articulation supports learning",
        "Dehaene, S. (2024) - Continuous sounds facilitate neural blending pathways"
      ]
    },
    {
      "phoneme_id": "stage1_o",
      "metadata": {
        "stage": 1,
        "frequency_rank": 8,
        "complexity_score": 1.1,
        "prerequisite_phonemes": [
          "/m/",
          "/a/",
          "/s/",
          "/t/",
          "/n/",
          "/p/",
          "/i/",
          "/d/",
          "/f/"
        ],
        "grade_band": "K",
        "introduction_week": 9,
        "neurological_rationale": "Third vowel expands discrimination system essential for neural development"
      },
      "linguistic_properties": {
        "phoneme": "/o/",
        "graphemes": [
          "o"
        ],
        "grapheme_frequency": {
          "o": 100
        },
        "articulation": {
          "manner": "vowel",
          "place": "low_back",
          "voicing": "voiced",
          "air_flow": "oral",
          "mouth_position": "open_rounded_lips",
          "lip_rounding": true
        },
        "phonological_neighbors": [
          "/a/",
          "/u/",
          "/aw/"
        ],
        "word_positions": [
          "medial"
        ],
        "teaching_advantages": [
          "distinct rounded lips",
          "clear contrast to /a/ and /i/",
          "frequent usage",
          "visible mouth position"
        ]
      },
      "word_examples": {
        "cvc_nucleus": [
          "dot",
          "pot",
          "not",
          "top",
          "mop",
          "sod",
          "nod"
        ],
        "three_vowel_contrast": [
          "pat/pit/pot",
          "mad/mid/mod"
        ],
        "decodable_sentences_98_percent": [
          "The pot is hot. (98% - 'the', 'is' strategic)",
          "Dad has a mop. (98% - 'has', 'a' strategic)",
          "I can sit on top. (98% - 'can', 'on' strategic)"
        ],
        "sound_of_day_integration": {
          "brain_science_connection": "Three-vowel system expands neural discrimination capabilities",
          "mouth_position_cues": [
            "Round lips like drinking through straw",
            "Open mouth with lip circle",
            "Different from /a/ and /i/"
          ],
          "discrimination_practice": "Practice pat/pit/pot triangle for three-vowel contrast"
        }
      },
      "assessment_framework_enhanced": {
        "formative_daily": "90% accuracy three-vowel discrimination (/a/, /i/, /o/)",
        "formative_weekly": "85% accuracy vowel substitution reading",
        "summative": "98% letter-sound, 85% vowel discrimination, 85% CVC reading",
        "three_vowel_system": "Can distinguish and use all three vowels in CVC words"
      },
      "research_attribution": [
        "National Reading Panel (2000) - Multiple vowel contrasts essential for reading",
        "Adams, M.J. (1990) - Vowel discrimination supports orthographic development",
        "Dehaene, S. (2024) - Vowel system expansion strengthens neural processing"
      ]
    },
    {
      "phoneme_id": "stage1_l",
      "metadata": {
        "stage": 1,
        "frequency_rank": 11,
        "complexity_score": 1.2,
        "prerequisite_phonemes": [
          "/m/",
          "/a/",
          "/s/",
          "/t/",
          "/n/",
          "/p/",
          "/i/",
          "/d/",
          "/f/",
          "/o/"
        ],
        "grade_band": "K",
        "introduction_week": 10,
        "neurological_rationale": "Liquid consonant provides complex articulatory practice for neural pathway development"
      },
      "linguistic_properties": {
        "phoneme": "/l/",
        "graphemes": [
          "l"
        ],
        "grapheme_frequency": {
          "l": 100
        },
        "articulation": {
          "manner": "lateral_liquid",
          "place": "alveolar",
          "voicing": "voiced",
          "air_flow": "oral_sides",
          "tongue_position": "tip_touches_alveolar_ridge_air_flows_around_sides",
          "continuous_sound": true
        },
        "phonological_neighbors": [
          "/r/",
          "/n/",
          "/d/"
        ],
        "word_positions": [
          "initial",
          "final"
        ],
        "teaching_advantages": [
          "continuous sound",
          "visible tongue tip",
          "lateral airflow",
          "complex articulation practice"
        ]
      },
      "word_examples": {
        "initial_position": [
          "lap",
          "lit",
          "lot",
          "lad"
        ],
        "final_position": [
          "pal",
          "nil"
        ],
        "decodable_sentences_98_percent": [
          "The lad has a lap. (98% - 'the', 'has', 'a' strategic)",
          "Pat can sit and nap on the lot. (98% - strategic sight words)",
          "Dad lit the lamp. (98% - 'the' strategic)"
        ],
        "sound_of_day_integration": {
          "brain_science_connection": "Liquid consonants provide complex articulatory neural practice",
          "lateral_cues": [
            "Tongue tip touches roof",
            "Air flows around sides of tongue",
            "Voice buzzes"
          ],
          "complexity_note": "More complex than previous consonants - builds neural sophistication"
        }
      },
      "assessment_framework_enhanced": {
        "formative_daily": "95% accuracy lateral sound production",
        "formative_weekly": "90% accuracy liquid consonant blending",
        "summative": "98% letter-sound, 90% CVC reading, 85% spelling",
        "complex_articulation": "Can produce clear /l/ with lateral airflow"
      },
      "research_attribution": [
        "Adams, M.J. (1990) - Liquid consonants provide complex articulatory practice",
        "National Reading Panel (2000) - Continuous sounds support blending skills",
        "Dehaene, S. (2024) - Complex articulation strengthens neural pathway precision"
      ]
    },
    {
      "phoneme_id": "stage1_h",
      "metadata": {
        "stage": 1,
        "frequency_rank": 9,
        "complexity_score": 1.1,
        "prerequisite_phonemes": [
          "/m/",
          "/a/",
          "/s/",
          "/t/",
          "/n/",
          "/p/",
          "/i/",
          "/d/",
          "/f/",
          "/o/",
          "/l/"
        ],
        "grade_band": "K",
        "introduction_week": 11,
        "neurological_rationale": "Simple glottal fricative provides contrast to complex consonants for neural balance"
      },
      "linguistic_properties": {
        "phoneme": "/h/",
        "graphemes": [
          "h"
        ],
        "grapheme_frequency": {
          "h": 100
        },
        "articulation": {
          "manner": "fricative_glottal",
          "place": "glottal",
          "voicing": "unvoiced",
          "air_flow": "oral",
          "position": "open_vocal_tract_breath_flow",
          "simple_production": true
        },
        "phonological_neighbors": [
          "breath",
          "voiceless sounds"
        ],
        "word_positions": [
          "initial"
        ],
        "teaching_advantages": [
          "simple airflow",
          "no tongue placement",
          "breath-like",
          "high frequency"
        ]
      },
      "word_examples": {
        "initial_position": [
          "hat",
          "hit",
          "hot",
          "ham",
          "had",
          "him",
          "hop",
          "hid"
        ],
        "decodable_sentences_98_percent": [
          "The hat is hot. (98% - 'the', 'is' strategic)",
          "Ham has a hit. (98% - 'has', 'a' strategic)",
          "I hid the pot. (98% - 'the' strategic)"
        ],
        "sound_of_day_integration": {
          "brain_science_connection": "Simple glottal fricatives provide neural contrast to complex consonants",
          "breathing_cues": [
            "Like breathing out",
            "No tongue work needed",
            "Just breath through open mouth"
          ],
          "simplicity_advantage": "Easiest consonant production - builds confidence"
        }
      },
      "assessment_framework_enhanced": {
        "formative_daily": "98% accuracy glottal fricative production",
        "formative_weekly": "95% accuracy initial position reading",
        "summative": "98% letter-sound, 90% CVC reading, 85% spelling",
        "simple_production": "Can produce clear /h/ as breath flow"
      },
      "research_attribution": [
        "Adams, M.J. (1990) - Glottal fricatives provide simple articulatory introduction",
        "National Reading Panel (2000) - High-frequency consonants enable more reading",
        "Dehaene, S. (2024) - Simple sounds balance neural complexity in learning"
      ]
    },
    {
      "phoneme_id": "stage1_b",
      "metadata": {
        "stage": 1,
        "frequency_rank": 20,
        "complexity_score": 1.3,
        "prerequisite_phonemes": [
          "/m/",
          "/a/",
          "/s/",
          "/t/",
          "/n/",
          "/p/",
          "/i/",
          "/d/",
          "/f/",
          "/o/",
          "/l/",
          "/h/"
        ],
        "grade_band": "K",
        "introduction_week": 12,
        "neurological_rationale": "Final voiced/voiceless pair completes phonemic contrast system for neural discrimination"
      },
      "linguistic_properties": {
        "phoneme": "/b/",
        "graphemes": [
          "b"
        ],
        "grapheme_frequency": {
          "b": 100
        },
        "articulation": {
          "manner": "stop",
          "place": "bilabial",
          "voicing": "voiced",
          "air_flow": "oral",
          "lip_position": "both_lips_together",
          "vocal_cord_vibration": true
        },
        "phonological_neighbors": [
          "/p/",
          "/m/",
          "/d/"
        ],
        "word_positions": [
          "initial",
          "final"
        ],
        "teaching_advantages": [
          "visible articulation",
          "voiced pair to /p/",
          "clear release",
          "completes contrast system"
        ]
      },
      "word_examples": {
        "initial_position": [
          "bat",
          "bit",
          "bot",
          "bad",
          "bid"
        ],
        "final_position": [
          "tab",
          "dab",
          "sob"
        ],
        "voiced_unvoiced_pairs": [
          "bat/pat",
          "bit/pit",
          "bad/pad"
        ],
        "decodable_sentences_98_percent": [
          "The bat is bad. (98% - 'the', 'is' strategic)",
          "Bob has a bit of ham. (98% - 'has', 'a', 'of' strategic)",
          "I can bat the ball. (98% - 'can', 'the' strategic)"
        ],
        "sound_of_day_integration": {
          "brain_science_connection": "Completes voiced/voiceless contrast system for neural discrimination mastery",
          "voicing_cues": [
            "Voice buzzes for /b/",
            "Same lips as /p/ but with voice",
            "Feel throat vibration"
          ],
          "contrast_mastery": "Final piece of phonemic contrast puzzle for neural development"
        }
      },
      "assessment_framework_enhanced": {
        "formative_daily": "95% accuracy voicing distinction from /p/",
        "formative_weekly": "90% accuracy bilabial minimal pairs",
        "summative": "98% letter-sound, 90% voicing contrast, 90% CVC reading",
        "final_contrast": "Masters /b/ vs /p/ distinction completing bilabial pair"
      },
      "research_attribution": [
        "Adams, M.J. (1990) - Voiced/voiceless bilabial pairs excellent for phonemic awareness",
        "National Reading Panel (2000) - Stop consonant contrasts build discrimination skills",
        "Dehaene, S. (2024) - Complete contrast systems strengthen neural processing"
      ]
    },
    {
      "phoneme_id": "stage1_e",
      "metadata": {
        "stage": 1,
        "frequency_rank": 1,
        "complexity_score": 1.2,
        "prerequisite_phonemes": [
          "/m/",
          "/a/",
          "/s/",
          "/t/",
          "/n/",
          "/p/",
          "/i/",
          "/d/",
          "/f/",
          "/o/",
          "/l/",
          "/h/",
          "/b/"
        ],
        "grade_band": "K",
        "introduction_week": 12,
        "neurological_rationale": "Fourth vowel expands discrimination system preparing for complete five-vowel mastery"
      },
      "linguistic_properties": {
        "phoneme": "/e/",
        "graphemes": [
          "e"
        ],
        "grapheme_frequency": {
          "e": 100
        },
        "articulation": {
          "manner": "vowel",
          "place": "mid_front",
          "voicing": "voiced",
          "air_flow": "oral",
          "mouth_position": "half_open_unrounded",
          "tongue_position": "mid_front"
        },
        "phonological_neighbors": [
          "/i/",
          "/a/",
          "/\u00e6/"
        ],
        "word_positions": [
          "medial"
        ],
        "teaching_advantages": [
          "mid-position between /i/ and /a/",
          "frequent usage",
          "clear contrast",
          "prepares for five-vowel system"
        ]
      },
      "word_examples": {
        "cvc_nucleus": [
          "bet",
          "pet",
          "let",
          "met",
          "net",
          "set",
          "den",
          "pen",
          "hen"
        ],
        "four_vowel_contrast": [
          "bat/bit/bot/bet",
          "pad/pid/pod/ped"
        ],
        "decodable_sentences_98_percent": [
          "The pet is in the pen. (98% - 'the', 'is', 'in' strategic)",
          "I bet the hen can sit. (98% - 'the', 'can' strategic)",
          "Let me pet the cat. (98% - 'me', 'the' strategic)"
        ],
        "sound_of_day_integration": {
          "brain_science_connection": "Four-vowel system approaches complete neural vowel discrimination",
          "position_cues": [
            "Between /i/ and /a/",
            "Half-open mouth",
            "Not as high as /i/, not as low as /a/"
          ],
          "discrimination_expansion": "Builds toward complete five-vowel neural system"
        }
      },
      "assessment_framework_enhanced": {
        "formative_daily": "85% accuracy four-vowel discrimination",
        "formative_weekly": "80% accuracy vowel substitution reading",
        "summative": "98% letter-sound, 80% vowel discrimination, 85% CVC reading",
        "four_vowel_system": "Can distinguish among /a/, /i/, /o/, /e/ in CVC words"
      },
      "research_attribution": [
        "National Reading Panel (2000) - All five short vowels essential for CVC mastery",
        "Adams, M.J. (1990) - Vowel discrimination fundamental to reading development",
        "Dehaene, S. (2024) - Complete vowel systems strengthen neural processing networks"
      ]
    },
    {
      "phoneme_id": "stage1_u",
      "metadata": {
        "stage": 1,
        "frequency_rank": 21,
        "complexity_score": 1.2,
        "prerequisite_phonemes": [
          "/m/",
          "/a/",
          "/s/",
          "/t/",
          "/n/",
          "/p/",
          "/i/",
          "/d/",
          "/f/",
          "/o/",
          "/l/",
          "/h/",
          "/b/",
          "/e/"
        ],
        "grade_band": "K",
        "introduction_week": 12,
        "neurological_rationale": "Completes five-vowel system essential for full CVC neural processing capability"
      },
      "linguistic_properties": {
        "phoneme": "/u/",
        "graphemes": [
          "u"
        ],
        "grapheme_frequency": {
          "u": 100
        },
        "articulation": {
          "manner": "vowel",
          "place": "high_back",
          "voicing": "voiced",
          "air_flow": "oral",
          "mouth_position": "slightly_open_rounded",
          "lip_rounding": "slight"
        },
        "phonological_neighbors": [
          "/o/",
          "/i/",
          "/oo/"
        ],
        "word_positions": [
          "medial"
        ],
        "teaching_advantages": [
          "completes five short vowels",
          "distinct rounding",
          "frequent in CVC",
          "enables full system"
        ]
      },
      "word_examples": {
        "cvc_nucleus": [
          "but",
          "put",
          "hut",
          "cut",
          "mud",
          "hug",
          "fun",
          "sun",
          "run"
        ],
        "five_vowel_contrast": [
          "bat/bit/bot/bet/but",
          "man/min/mon/men/mun"
        ],
        "decodable_sentences_98_percent": [
          "The sun is fun. (98% - 'the', 'is' strategic)",
          "I can run and hug. (98% - 'can', 'and' strategic)",
          "Put the mud in the hut. (98% - 'the', 'in' strategic)"
        ],
        "sound_of_day_integration": {
          "brain_science_connection": "Completes five-vowel neural system enabling full CVC processing",
          "position_cues": [
            "Slight lip rounding",
            "Higher than /o/",
            "Like saying 'book' but shorter"
          ],
          "system_completion": "Final vowel completing neural foundation for all CVC reading"
        }
      },
      "assessment_framework_enhanced": {
        "formative_daily": "80% accuracy five-vowel discrimination",
        "formative_weekly": "75% accuracy vowel substitution across all five",
        "summative": "98% letter-sound, 75% vowel discrimination, 85% CVC reading",
        "complete_system": "Can distinguish and use all five short vowels in CVC context"
      },
      "research_attribution": [
        "National Reading Panel (2000) - Complete short vowel system enables full CVC reading",
        "Ehri, L.C. (2005) - Five short vowels complete partial alphabetic phase foundation",
        "Dehaene, S. (2024) - Complete vowel systems enable full neural reading capability"
      ]
    }
  ]
}